id,name,price,compare_at_price,stock,published,brand,tags,canonical_url,image
340877198,Harina Lealtad cuadruple cero 0000 x 25 kg,19182,19182.00,,True,,,https://mcdistribuidora.net.ar/productos/harina-lealtad-cuadruple-cero-0000-x-25-kg-1i03p/,https://dcdn-us.mitiendanube.com/stores/005/975/004/products/0000-e3863677291eedfa4017773912172988-640-0.webp
340876989,Harina Lealtad triple cero 000 x 25 kg,17324,17324.00,,True,,,https://mcdistribuidora.net.ar/productos/harina-lealtad-triple-cero-000-x-25-kg-1ssaw/,https://dcdn-us.mitiendanube.com/stores/005/975/004/products/000-photoroom-816ad63934ebbf730c17773911661404-640-0.webp
339065269,Queso Danbo Punta del Agua,9456,9456.00,,True,Punta del Agua,"PuntadelAgua, barra, cocina, danbo, queso",https://mcdistribuidora.net.ar/productos/queso-danbo-punta-del-agua-19io0/,https://dcdn-us.mitiendanube.com/stores/005/975/004/products/d_nq_np_965576-mla92112748610_092025-o-e8e7bcbfed9082bab117765783120304-640-0.webp
334938722,Azucar MatDulc,1337,1337.00,,True,,,https://mcdistribuidora.net.ar/productos/azucar-matdulc-11xti/,https://dcdn-us.mitiendanube.com/stores/005/975/004/products/0754697490025-3494-60f35659c09b3-bba2d5cfc7cc4d278517748769136436-640-0.webp
330578388,Dulce de leche repostero Cremac 10kg,39220,39220.00,,True,,,https://mcdistribuidora.net.ar/productos/dulce-de-leche-repostero-cremac-10kg-27mlr/,https://dcdn-us.mitiendanube.com/stores/005/975/004/products/85eb60c4-2e1e-4c8c-8ca6-61403fef5442-94b911e8609773f87e17746236955222-640-0.webp
330558936,Nuces Ambar Light x kg,16050,16050.00,,True,,,https://mcdistribuidora.net.ar/productos/nuces-ambar-light-x-kg-1t8u4/,https://dcdn-us.mitiendanube.com/stores/005/975/004/products/nuces-5552cde444602468cc17731516204904-640-0.webp
330558201,Barra económica x kg,8300,8300.00,,True,,,https://mcdistribuidora.net.ar/productos/mortadela-paladini-x-kg-1g3g4/,https://dcdn-us.mitiendanube.com/stores/005/975/004/products/1b078055-3e54-4323-b364-4aebd6ac2e41-e741ad8b1257b8cb7917747026534378-640-0.webp
330557922,Cerezas en almibar Chico B 10kg,60171,60171.00,,True,,,https://mcdistribuidora.net.ar/productos/cerezas-en-almibar-chico-b-10kg-11nr6/,https://dcdn-us.mitiendanube.com/stores/005/975/004/products/untitled-design-4133bf7296a1e46f2217746245352036-640-0.webp
330557727,Cascaritas de naranja Chico B 3kg,35247,35247.00,,True,,,https://mcdistribuidora.net.ar/productos/cascaritas-de-naranja-chico-b-3kg-x2lsl/,https://dcdn-us.mitiendanube.com/stores/005/975/004/products/img_1380-e95f6e712d009cc59c17746251466279-640-0.webp
329880507,Leche en polvo entera Italissimo 25kg,148400,148400.00,,True,,,https://mcdistribuidora.net.ar/productos/leche-en-polvo-entera-italissimo-25kg-mj97s/,https://dcdn-us.mitiendanube.com/stores/005/975/004/products/untitled-design-4ef788f290215c265317746229370841-640-0.webp
329878519,Cacao en polvo Gerkens 25kg,599000,599000.00,,True,,,https://mcdistribuidora.net.ar/productos/cacao-en-polvo-25kg-htuqh/,https://dcdn-us.mitiendanube.com/stores/005/975/004/products/img_1363-62cc13618812d61efd17746235412612-640-0.webp
329877584,Dulce de leche heladero Milkey 10kg,36177,36177.00,,True,,,https://mcdistribuidora.net.ar/productos/dulce-de-leche-heladero-milkey-10kg-egkk5/,https://dcdn-us.mitiendanube.com/stores/005/975/004/products/untitled-design-6db960ce2015cb31dd17747055844855-640-0.webp
329876917,Vino Marsala 20lts,118854,118854.00,,True,,,https://mcdistribuidora.net.ar/productos/vino-marsala-20lts-l26w2/,https://dcdn-us.mitiendanube.com/stores/005/975/004/products/diseno-sin-titulo-6f87b54beb5d69c99117746251004739-640-0.webp
329845673,Queso Cremoso Economico,6527,6527.00,,True,,,https://mcdistribuidora.net.ar/productos/queso-cremoso-economico-15oa7/,https://dcdn-us.mitiendanube.com/stores/005/975/004/products/untitled-design-6fea005f5103f4ed1817747018799428-640-0.webp
329631768,Queso Por Salut CREMAC Fraccionado,9958,9958.00,,True,,,https://mcdistribuidora.net.ar/productos/queso-por-salut-cremac-fraccionado-bq82s/,https://dcdn-us.mitiendanube.com/stores/005/975/004/products/1000427437-e1e757bd647d2603f517490764481376-640-0-9fce3d1b42acc80a9d17727330252791-640-0.webp
326014553,Queso Romano Albor Fracionado,12947,12947.00,,True,,,https://mcdistribuidora.net.ar/productos/queso-romano-albor-fracionado-1t0jo/,https://dcdn-us.mitiendanube.com/stores/005/975/004/products/untitled-design-8dbfee54a434805d6b17747023800962-640-0.webp
326014378,Queso romano Albor horma x kg,11449,11449.00,,True,,,https://mcdistribuidora.net.ar/productos/queso-romano-albor-x-kg-yj1bc/,https://dcdn-us.mitiendanube.com/stores/005/975/004/products/untitled-design-49aac6cee7e02d446f17747024046862-640-0.webp
326012805,Crema Cremac 5kg,39520,39520.00,,True,,,https://mcdistribuidora.net.ar/productos/crema-cremac-5kg-1v5n7/,https://dcdn-us.mitiendanube.com/stores/005/975/004/products/untitled-design-9f945beff6ade5843b17746244277616-640-0.webp
325661907,Cono 70 Erevan caja x 270u,15194,15194.00,,True,,,https://mcdistribuidora.net.ar/productos/cono-70-erevan-caja-x-270u-13gp8/,https://dcdn-us.mitiendanube.com/stores/005/975/004/products/d_q_np_2x_896468-mla48355256301_112021-v-d0626701c662f7f11817712523184761-640-0.webp
325248547,Durazno en rodajas South Pole Fruits 1kg,8063,8063.00,,False,,,https://mcdistribuidora.net.ar/productos/durazno-en-rodajas-south-pole-fruits-1kg-zvu0c/,https://dcdn-us.mitiendanube.com/stores/005/975/004/products/durazno-rodaja-35fc91f672fa41ca0217710051377593-640-0.webp
325248398,Durazno en cubos South Pole Fruits 1kg,8063,8063.00,,False,,,https://mcdistribuidora.net.ar/productos/durazno-en-cubos-south-pole-fruits-1kg-1c0ez/,https://dcdn-us.mitiendanube.com/stores/005/975/004/products/durazno-cubo-4749033393b874f75b17710050935033-640-0.webp
325200718,Papas fritas cheddar julicroc 70g,1349,1349.00,,True,,,https://mcdistribuidora.net.ar/productos/papas-fritas-cheddar-julicorc-70g-1utq0/,https://dcdn-us.mitiendanube.com/stores/005/975/004/products/papas-cheddar-79839fa151e91140df17709967865729-640-0.webp
325196435,Pickles mixtos Delicias 180g,1972,1972.00,,False,,,https://mcdistribuidora.net.ar/productos/pickles-mixtos-300g-t77rg/,https://dcdn-us.mitiendanube.com/stores/005/975/004/products/poicle-mixtos-300-caad9314a70adc747617709960403742-640-0.webp
325195968,Pepinitos en vinagre Delicias 180g,4036,4036.00,,False,,,https://mcdistribuidora.net.ar/productos/pepinitos-en-vinagre-300g-17ym1/,https://dcdn-us.mitiendanube.com/stores/005/975/004/products/pepinitos-vinagre-300-539da5c36960593ca717709959703204-640-0.webp
325195634,Cebollitas en vinagre Delicias 180g,4036,4036.00,,False,,,https://mcdistribuidora.net.ar/productos/cebollitas-en-vinagre-300g-4917j/,https://dcdn-us.mitiendanube.com/stores/005/975/004/products/cebollitas-vinagre-300-f44e844f04705592b717709959129448-640-0.webp
325195131,Aceitunas negras con carozo Delicias 180g,1972,1972.00,,False,,,https://mcdistribuidora.net.ar/productos/aceitunas-negras-con-carozo-150g-1fqlb/,https://dcdn-us.mitiendanube.com/stores/005/975/004/products/aceitunas-negras-carozo-150-0fa32e1a6a251444a817709958231911-640-0.webp
325194790,Aceitunas verdes sin carozo Delicias 180g,1818,1818.00,,False,,,https://mcdistribuidora.net.ar/productos/aceitunas-verdes-sin-carozo-150g-1ek2s/,https://dcdn-us.mitiendanube.com/stores/005/975/004/products/aceitunas-verdes-descarozadas-150-1c3efb57c87f761a4d17709957705019-640-0.webp
325194503,Aceitunas verdes en rodajas Delicias 1.5kg,9207,9207.00,,False,,,https://mcdistribuidora.net.ar/productos/aceitunas-verdes-en-rodajas-1-5kg-1y9qh/,https://dcdn-us.mitiendanube.com/stores/005/975/004/products/aceitunas-verdes-rodajas-1500-57765b550d428431e917709957199621-640-0.webp
325194049,Aceitunas cobertura para pizza Delicias 1.5kg,8165,8165.00,,False,,,https://mcdistribuidora.net.ar/productos/aceitunas-cobertura-para-pizza-1-5kg-mpm67/,https://dcdn-us.mitiendanube.com/stores/005/975/004/products/aceitunas-cobertura-pizza-1500-b0963f128cfeffea4b17709956418932-640-0.webp
325193750,Aceitunas verdes rellenas con morron Delicias 1.5kg,12815,12815.00,,False,,,https://mcdistribuidora.net.ar/productos/aceitunas-verdes-rellenas-con-morron-1-5kg-gb0m9/,https://dcdn-us.mitiendanube.com/stores/005/975/004/products/aceitunas-verdes-rellenas-morron-1500-9a63bb71faf141830417709955802166-640-0.webp
325193162,Aceitunas verdes sin carozo Delicias 1.5kg,11472,11472.00,,False,,,https://mcdistribuidora.net.ar/productos/aceitunas-verdes-sin-carozo-1-5kg-4epmn/,https://dcdn-us.mitiendanube.com/stores/005/975/004/products/aceitunas-verdes-descarozadas-1500-8c1162c344ac96e2b417709954646792-640-0.webp
325192851,Aceitunas negras con carozo Delicias 1.5kg,8630,8630.00,,False,,,https://mcdistribuidora.net.ar/productos/aceitunas-negras-con-carozo-1-5kg-18lmu/,https://dcdn-us.mitiendanube.com/stores/005/975/004/products/acceitunas-negras-carozo-5e0c1dc7974c73b79117709952602257-640-0.webp
324908966,Palitos salados Julicroc 1kg,4352,4352.00,,True,,,https://mcdistribuidora.net.ar/productos/palitos-salados-julicroc-1kg-uztl6/,https://dcdn-us.mitiendanube.com/stores/005/975/004/products/palitos-a2385284aee468f1ba17709091528729-640-0.webp
324906378,Papas fritas clasicas Julicroc 330g,4250,4250.00,,True,,,https://mcdistribuidora.net.ar/productos/papas-clasicas-julicroc-330g-dtlk5/,https://dcdn-us.mitiendanube.com/stores/005/975/004/products/papas-a38f85bdd31cad4a9817709089623119-640-0.webp
324905733,Papas fritas clásicas Julicroc 1kg,12388,12388.00,,True,Julicroc,fritas Julicroc papas sinTACC snack,https://mcdistribuidora.net.ar/productos/papas-fritas-clasicas-julicroc-1kg-rldpc/,https://dcdn-us.mitiendanube.com/stores/005/975/004/products/tmp_b64_d0f18f01-07d3-43b3-8c71-2eb8c5c9c994_5975004_6191153-37b203995952ec3f8e17709086927960-640-0.webp
324905397,Maní repelado Julicroc 1kg,6510,6510.00,,True,Mc Distribuidora,Julicroc mani repelado sinTACC snack,https://mcdistribuidora.net.ar/productos/mani-repelado-julicroc-1kg-1ey9a/,https://dcdn-us.mitiendanube.com/stores/005/975/004/products/tmp_b64_ed9e135c-9f58-43ea-ab94-bd727ec935cd_5975004_6191153-6cbe636e521f1d773c17709086422178-640-0.webp
324899211,Queso Sardo fresco Albor,7793,7793.00,0,True,Albor,Albor lacteo queso refrigerado sardo,https://mcdistribuidora.net.ar/productos/queso-sardo-fresco-albor-r4xol/,https://dcdn-us.mitiendanube.com/stores/005/975/004/products/untitled-design-40047695b69ec61fdd17747055162110-640-0.webp
324897612,Salsa de tomate triturado Los Polacos 950g,1562,1562.00,0,True,Mc Distribuidora,cocina condimento salsa tomate vidrio,https://mcdistribuidora.net.ar/productos/salsa-de-tomate-triturado-los-polacos-950g-1ndn1/,https://dcdn-us.mitiendanube.com/stores/005/975/004/products/tmp_b64_6a5efc63-afc7-460a-b8f9-b4d4906a0c38_5975004_6191153-569d92f65e466aa9cc17709074518323-640-0.webp
324897155,Tomate Triturado HorVinDul 970g,2186,2186.00,,True,HorVinDul,cocina HorVinDul sinTACC tomate triturado,https://mcdistribuidora.net.ar/productos/tomate-triturado-horvindul-970g-39p4l/,https://dcdn-us.mitiendanube.com/stores/005/975/004/products/tmp_b64_6c862e6e-92d8-4ede-9f5b-75cd5f27a061_5975004_6191153-142cf1d00cfd09a0c417709073782784-640-0.webp
324896214,Mostaza tipo americana Erika 600g,2957,2957.00,,True,Erika,acompanamiento dosificador Erika hotdogs mostaza,https://mcdistribuidora.net.ar/productos/mostaza-tipo-americana-erika-600g-13jby/,https://dcdn-us.mitiendanube.com/stores/005/975/004/products/tmp_b64_0f9ec050-59c0-4ec0-88ee-3ed5f81c315b_5975004_6191153-df4c2b7fc850e5a08617709072169084-640-0.webp
324895900,Mostaza tipo americana Erika 3kg,5431,5431.00,,True,Erika,culinario Erika gastronomia mostaza salsa,https://mcdistribuidora.net.ar/productos/mostaza-tipo-americana-erika-3kg-w325l/,https://dcdn-us.mitiendanube.com/stores/005/975/004/products/tmp_b64_cb53f071-16aa-414b-a6b7-4bab1554c237_5975004_6191153-719053db526043694e17709071503460-640-0.webp
324895510,Salsa Ketchup Erika 600g,3060,3060.00,,True,Erika,carnes Erika ketchup salsa sandwiches,https://mcdistribuidora.net.ar/productos/salsa-ketchup-erika-600g-1t0y8/,https://dcdn-us.mitiendanube.com/stores/005/975/004/products/tmp_b64_7200c09a-ed9a-404d-907b-bc0912fd8b91_5975004_6191153-e064458fe252e2b48417709070760625-640-0.webp
324894426,Salsa Ketchup Erika 3kg,6724,6724.00,,True,Erika,carnes Erika ketchup salsa sandwiches,https://mcdistribuidora.net.ar/productos/salsa-ketchup-erika-3kg-1rc9w/,https://dcdn-us.mitiendanube.com/stores/005/975/004/products/tmp_b64_636af857-7da5-4fdb-be84-a30b41251c93_5975004_6191153-c1c48cad5aae8123fe17709070274130-640-0.webp
324892083,Barbacoa Erika 600g,2967,2967.00,,True,Mc Distribuidora,bbq carnes parrilla salsa seguridad,https://mcdistribuidora.net.ar/productos/salsa-bbq-erika-600g-pdetw/,https://dcdn-us.mitiendanube.com/stores/005/975/004/products/tmp_b64_6a2423f4-1975-41ee-aa26-d67e25d4be7e_5975004_6191153-f9a755e68d75d1fd5917709064394932-640-0.webp
324888510,Queso Fontina Sobrero Cagnolo,13160,13160.00,,True,Sobrero Cagnolo,fontina glutenfree queso sinTACC sobrero,https://mcdistribuidora.net.ar/productos/queso-fontina-sobrero-cagnolo-1ruqb/,https://dcdn-us.mitiendanube.com/stores/005/975/004/products/aac860f2-9d8b-4481-afb7-ec378840a99c-180057ca36d5eb0ce517709061060337-640-0.webp
324867658,Salchichas Paladini paquete 6 unidades,2086,2086.00,,True,Paladini,alimentos Paladini paquete pasteurizadas salchichas,https://mcdistribuidora.net.ar/productos/salchichas-paladini-paquete-6-unidades-ase7t/,https://dcdn-us.mitiendanube.com/stores/005/975/004/products/untitled-design-f1844c79fa9067258e17747073019315-640-0.webp
324856147,Queso Por Salut Light Cremac,9095,9095.00,,True,Mc Distribuidora,bajoengrasas cremac light queso saludable,https://mcdistribuidora.net.ar/productos/queso-por-salut-light-cremac-brz7m/,https://dcdn-us.mitiendanube.com/stores/005/975/004/products/3271529_f-b4082419284c48e72c17709024785428-640-0.webp
324853090,Arroz Doble Carolina Mocoví 1kg,2306,2306.00,,True,Doble Carolina,arroz doblecarolina guarnicion Mocovi recetas,https://mcdistribuidora.net.ar/productos/arroz-doble-carolina-mocovi-1kg-10fgr/,https://dcdn-us.mitiendanube.com/stores/005/975/004/products/untitled-design-3799e7c92188201dc217747059037506-640-0.webp
324737230,Arroz Doble Carolina Mocoví 500g bolsa,1195,1195.00,,True,Mocoví,arroz doblecarolina guarnicion Mocovi recetas,https://mcdistribuidora.net.ar/productos/arroz-doble-carolina-mocovi-500g-bolsa-1057h/,https://dcdn-us.mitiendanube.com/stores/005/975/004/products/1-1396925b07d9ff214817582314287289-480-0-d43db6fc90dc7c12e617708497112585-640-0.webp
324735933,Arroz Doble Carolina Mocovi 500gr caja,1330,1330.00,,True,Mocorí,arroz coccion doblecarolina Mocori recetas,https://mcdistribuidora.net.ar/productos/arroz-doble-carolina-mocovi-500gr-1e1fz/,https://dcdn-us.mitiendanube.com/stores/005/975/004/products/d_q_np_2x_656019-mla81240950102_122024-v-bd005093655d601a0517708494376364-640-0.webp
322731071,Jamón Cocido PACAMA x kg FRACCIONADO,7704,7704.00,,True,,,https://mcdistribuidora.net.ar/productos/jamon-cocido-pacama-x-kg-fraccionado-ubdnu/,https://dcdn-us.mitiendanube.com/stores/005/975/004/products/1000059341-3186deb81f00ab613717500044793375-1024-1024-6e0b6cf3706c166af617701265332974-640-0.webp
320785678,Lata de cerezas enteras Carleti en almíbar,27713,27713.00,,True,,,https://mcdistribuidora.net.ar/productos/lata-de-cerezas-enteras-carleti-en-almibar-8ygoh/,https://dcdn-us.mitiendanube.com/stores/005/975/004/products/1000261682-72f4dd04ca27ab1eee17694431939419-640-0.webp
320785301,Vino Licoroso Oporto California de 750 ml.,4650,4650.00,,True,,,https://mcdistribuidora.net.ar/productos/vino-licoroso-oporto-california-de-750-ml-fgcc4/,https://dcdn-us.mitiendanube.com/stores/005/975/004/products/1000261684-af87814df577c6c6f617694430789618-640-0.webp
319849043,Comino molido x25gr Alicante,1097,1097.00,,True,,,https://mcdistribuidora.net.ar/productos/comino-molido-x25gr-alicante-1bvjo/,https://dcdn-us.mitiendanube.com/stores/005/975/004/products/images-eddbd792f07764af0b17690052027361-640-0.webp
319848776,Provenzal x25gr Alicante,1097,1097.00,0,True,,,https://mcdistribuidora.net.ar/productos/provenzal-x25gr-alicante-1148p/,https://dcdn-us.mitiendanube.com/stores/005/975/004/products/provenzal-condimento-alicante-25-gr-1-1826-53108d45aaab79895517690051219267-640-0.webp
319846765,Salsa blanca x40gr Alicante,1418,1418.00,,True,,,https://mcdistribuidora.net.ar/productos/salsa-blanca-x25gr-alicante-1pu64/,https://dcdn-us.mitiendanube.com/stores/005/975/004/products/681571-800-600-0c9a3dfc5c6f3354ce17690049905204-640-0.webp
319846622,Especies surtidas x25gr Alicante,1395,1395.00,,True,,,https://mcdistribuidora.net.ar/productos/especies-surtidas-x25-gr-alicante-80j12/,https://dcdn-us.mitiendanube.com/stores/005/975/004/products/690357-800-600-abe0e49f8c3d2c18d617690053933763-640-0.webp
319846519,Coco rallado x50gr Alicante,1195,1195.00,,True,,,https://mcdistribuidora.net.ar/productos/coco-rallado-x25gr-alicante-1nlz2/,https://dcdn-us.mitiendanube.com/stores/005/975/004/products/copia-de-diseno-sin-titulo-2022-06-30t152720-8201-d8368a063847c868c516566136770405-1024-1024-b9273e3051c4d0420f17690053487920-640-0.webp
319846032,Condimento para milanesas x25gr Alicante,930,930.00,,True,,,https://mcdistribuidora.net.ar/productos/condimento-para-milanesas-x25gr-alicante-f5njo/,https://dcdn-us.mitiendanube.com/stores/005/975/004/products/29-3504265668fb31bea217690054388500-640-0.webp
319845864,Condimento para pizza x25gr Alicante,1093,1093.00,,True,,,https://mcdistribuidora.net.ar/productos/condimento-para-pizza-x25gr-alicante-abkm8/,https://dcdn-us.mitiendanube.com/stores/005/975/004/products/condimento-para-pizza-alicante-sin-tacc-pop-argentina-6c6e3e15169d0f0db717690050531215-640-0.webp
319845736,Canela x25gr Alicante,1507,1507.00,,True,,,https://mcdistribuidora.net.ar/productos/canela-x25gr-alicante-5mlww/,https://dcdn-us.mitiendanube.com/stores/005/975/004/products/canela-molida-sin-tacc-alicante-25-gr-1-11246-523e513042ee4de06617690051650963-640-0.webp
319845591,Romero x 15gr Alicante,818,818.00,,True,,,https://mcdistribuidora.net.ar/productos/romero-x-25gr-alicante-lmr3k/,https://dcdn-us.mitiendanube.com/stores/005/975/004/products/03ad197ae9ff9291-011aefed62b896331317690049441485-640-0.webp
319845469,Condimento para arroz x25gr Alicante,1093,1093.00,,True,,,https://mcdistribuidora.net.ar/productos/condimento-para-arroz-x25gr-alicante-1ppre/,https://dcdn-us.mitiendanube.com/stores/005/975/004/products/0-8ed7ed3b347797cfde17690047937930-640-0.webp
319845282,Pimenton x25 Alicante,818,818.00,,True,,,https://mcdistribuidora.net.ar/productos/pimenton-x25-alicante-14p37/,https://dcdn-us.mitiendanube.com/stores/005/975/004/products/condimento-pimenton-alicante-x-25-grs-25-1b343c5f814ca741f717690047586340-640-0.webp
319841756,Oregano x 25gr Alicante,1246,1246.00,,True,,,https://mcdistribuidora.net.ar/productos/oregano-x-25gr-alicante-18lfx/,https://dcdn-us.mitiendanube.com/stores/005/975/004/products/oregano-condimento-alicante-25-gr-1-1830-f6f29ba477da7bf92917690047424296-640-0.webp
319838801,Pack Arroz TRIMACER x500gr (10u),6724,6724.00,,True,,,https://mcdistribuidora.net.ar/productos/pack-arroz-trimacer-x500gr-1je88/,https://dcdn-us.mitiendanube.com/stores/005/975/004/products/trimacer-arroz-500g-pack-x-10-40197f4f80794dc92e17326802691375-1024-1024-f1d4cd073212c28cfd17690035648381-640-0.webp
319838198,Pack Arroz TRIMACER 1KG (10u),12388,12388.00,,True,,,https://mcdistribuidora.net.ar/productos/pack-arroz-trimacer-1kg-10u-1sfo2/,https://dcdn-us.mitiendanube.com/stores/005/975/004/products/19820-04ada1639607ee4b9417690035260195-640-0.webp
319215571,Pasta para helados Starosta Bombon ART PREMIUM,77446,77446.00,,True,,,https://mcdistribuidora.net.ar/productos/starosta-bombon-art-premium-ebeyk/,https://dcdn-us.mitiendanube.com/stores/005/975/004/products/1000253815-f521196ed881e92db217687404649665-640-0.webp
319215470,Postre de Mani Caviwa x 3kg,34382,34382.00,,True,,,https://mcdistribuidora.net.ar/productos/postre-de-mani-caviwa-x-3kg-9py44/,https://dcdn-us.mitiendanube.com/stores/005/975/004/products/1000253807-aedb53489ced6f9ee817687403254606-640-0.webp
319215440,Estabilizante para helados chantilly americana 010 X4kg,44510,44510.00,,True,,,https://mcdistribuidora.net.ar/productos/estabilizante-para-helados-chantilly-americana-010-y2ens/,https://dcdn-us.mitiendanube.com/stores/005/975/004/products/1000253817-527c2525a1df9a4cfe17687402424838-640-0.webp
319215387,Cascaritas de Naranja en almibar x,35210,35210.00,,True,,,https://mcdistribuidora.net.ar/productos/cascaritas-de-naranja-en-almibar-x-2wcd9/,https://dcdn-us.mitiendanube.com/stores/005/975/004/products/1000253806-3d97fc235f8d04b21e17687401047272-640-0.webp
314683775,Budín con chips de Chocolate Zupay,981,981.00,,True,,,https://mcdistribuidora.net.ar/productos/budin-con-chips-de-chocolate-zupay-9v4c9/,https://dcdn-us.mitiendanube.com/stores/005/975/004/products/0_foto3_id_544x553-ac52b81a931ca147ed17664982026019-640-0.webp
314683483,Budín de Fruta Zupay,981,981.00,,True,,,https://mcdistribuidora.net.ar/productos/budin-de-fruta-zupay-7zuwz/,https://dcdn-us.mitiendanube.com/stores/005/975/004/products/0_foto3_id_544x553-cc15ae88cc0c233de717664981333921-640-0.webp
314508846,Budín vainilla Zupay,981,981.00,,True,,,https://mcdistribuidora.net.ar/productos/budin-vainilla-zupay-yvtu4/,https://dcdn-us.mitiendanube.com/stores/005/975/004/products/diseno-sin-titulo-edd801f49449fc2af417664174560928-640-0.webp
314508804,Budín marmolado Zupay,981,981.00,,True,,,https://mcdistribuidora.net.ar/productos/budin-marmolado-zupay-moojd/,https://dcdn-us.mitiendanube.com/stores/005/975/004/products/diseno-sin-titulo-fad4cf4cc5854de3dc17664173917683-640-0.webp
314507880,Leche en Polvo Verónica entera x 25kg,,,,True,,,https://mcdistribuidora.net.ar/productos/leche-en-polvo-veronica-entera-x-25kg-xwb5t/,https://dcdn-us.mitiendanube.com/stores/005/975/004/products/diseno-sin-titulo-5a3b6c312cfbfbaa2d17664176825801-640-0.webp
314343342,Leche entera CABAÑA ESPINILLOS PACK 8U,13020,13020.00,,True,,,https://mcdistribuidora.net.ar/productos/leche-entera-cabana-espinillos-pack-12u-h3dmx/,https://dcdn-us.mitiendanube.com/stores/005/975/004/products/images-f5312c259e1667a5bb17662442013158-640-0.webp
314342878,Arroz TRIMACER 1KG,1242,1242.00,,True,,,https://mcdistribuidora.net.ar/productos/arroz-trimacer-1kg-xozt0/,https://dcdn-us.mitiendanube.com/stores/005/975/004/products/19820-46553c9816ee0803a317662438738671-640-0.webp
313626833,Repelente aerosol ESCUDO,4650,4650.00,,True,,,https://mcdistribuidora.net.ar/productos/repelente-aerosol-escudo-v9z83/,https://dcdn-us.mitiendanube.com/stores/005/975/004/products/untitled-design-8ff70c3d1c85320f4a17659771206224-640-0.webp
313625410,Detergente aloe vera DEA,1163,1163.00,,True,,,https://mcdistribuidora.net.ar/productos/detergente-aloe-vera-dea-g8bry/,https://dcdn-us.mitiendanube.com/stores/005/975/004/products/diseno-sin-titulo-2092315039b3c1a5c917659768501388-640-0.webp
313625030,Detergente Rosa mosqueta DEA,1163,1163.00,,True,,,https://mcdistribuidora.net.ar/productos/detergente-rosa-mosqueta-dea-33g1q/,https://dcdn-us.mitiendanube.com/stores/005/975/004/products/diseno-sin-titulo-51d4e1fbe1dbc27d2317659766611632-640-0.webp
313623786,Detergente fresca DEA,1163,1163.00,,True,,,https://mcdistribuidora.net.ar/productos/detergente-fresca-dea-ehwv1/,https://dcdn-us.mitiendanube.com/stores/005/975/004/products/diseno-sin-titulo-00b0b30f96ffbb1e7517659763903062-640-0.webp
313623622,Detergente cremoso DEA,1280,1280.00,,True,,,https://mcdistribuidora.net.ar/productos/detergente-cremoso-dea-r594n/,https://dcdn-us.mitiendanube.com/stores/005/975/004/products/diseno-sin-titulo-fff4a9c28002f80a2b17659763557373-640-0.webp
313623534,Detergente Limón DEA,1163,1163.00,,True,,,https://mcdistribuidora.net.ar/productos/detergente-limon-dea-qrqja/,https://dcdn-us.mitiendanube.com/stores/005/975/004/products/diseno-sin-titulo-f107f2d275b550875917659763283047-640-0.webp
313621240,Bolsas de residuos DEA 90 x 120,1962,1962.00,,True,,,https://mcdistribuidora.net.ar/productos/bolsas-de-residuos-dea-90-x-120-p3fgk/,https://dcdn-us.mitiendanube.com/stores/005/975/004/products/img_6316-1eb14f8a8bc7b55f2817659754101597-640-0.webp
313621154,Bolsas de residuos DEA 80 x 110,1553,1553.00,,True,,,https://mcdistribuidora.net.ar/productos/bolsas-de-residuos-dea-80-x-110-1qtqt/,https://dcdn-us.mitiendanube.com/stores/005/975/004/products/img_6317-54d262a1aed5335a4917659753698456-640-0.webp
313621076,Bolsas de residuos DEA 60 x 90,1246,1246.00,,True,,,https://mcdistribuidora.net.ar/productos/bolsas-de-residuos-dea-60-x-90-d55ay/,https://dcdn-us.mitiendanube.com/stores/005/975/004/products/img_6318-ea96ea9798620d261217659753315749-640-0.webp
313621030,Bolsas de residuos DEA 45 x 60,828,828.00,,True,,,https://mcdistribuidora.net.ar/productos/bolsas-de-residuos-dea-45-x-60-mzhth/,https://dcdn-us.mitiendanube.com/stores/005/975/004/products/diseno-sin-titulo-2b520a826e35978c9317659756295843-640-0.webp
313565293,Arroz pulido PELEADOR x500gr,1139,1139.00,,True,,,https://mcdistribuidora.net.ar/productos/arroz-pulido-peleador-1kg-n1o15/,https://dcdn-us.mitiendanube.com/stores/005/975/004/products/peleador-x-500-5bfa035f45e5bfea4817690038283681-640-0.webp
313564638,Arroz TRIMACER,674,674.00,,True,,,https://mcdistribuidora.net.ar/productos/arroz-trimacer-l57i2/,https://dcdn-us.mitiendanube.com/stores/005/975/004/products/untitled-design-9e40f0de4b4298529e17659343638314-640-0.webp
313561663,Leche entera CABAÑA ESPINILLOS Individual,1716,1716.00,,True,,,https://mcdistribuidora.net.ar/productos/leche-entera-cabana-espinillos-individual-3fpha/,https://dcdn-us.mitiendanube.com/stores/005/975/004/products/untitled-design-0d90fde6e11e62280c17659340526587-640-0.webp
313561439,Leche TREGAR descremada Individual,1786,1786.00,0,True,,,https://mcdistribuidora.net.ar/productos/leche-tregar-descremada-individual-3kbf5/,https://dcdn-us.mitiendanube.com/stores/005/975/004/products/untitled-design-53cc3af6dcdb6f373317659339710354-640-0.webp
313560969,Galletitas 9 de oro clasicas,1139,1139.00,,True,,,https://mcdistribuidora.net.ar/productos/galletitas-9-de-oro-clasicas-7tk91/,https://dcdn-us.mitiendanube.com/stores/005/975/004/products/untitled-design-7e122ca4d61599be4a17659338750650-640-0.webp
313560710,Galletitas 9 de oro agridulces,1139,1139.00,,True,,,https://mcdistribuidora.net.ar/productos/galletitas-9-de-oro-agridulces-6mbug/,https://dcdn-us.mitiendanube.com/stores/005/975/004/products/untitled-design-0f4c8b3d60e4e6a56117659338286201-640-0.webp
313559526,Six pack cerveza Isenbeck,7022,7022.00,,True,,,https://mcdistribuidora.net.ar/productos/six-pack-cerveza-isenbeck-0jc52/,https://dcdn-us.mitiendanube.com/stores/005/975/004/products/untitled-design-c141bad8da1c3a5a2617659335627757-640-0.webp
313559312,Unidad cerveza Heineken Isenbeck,1172,1172.00,,True,,,https://mcdistribuidora.net.ar/productos/unidad-cerveza-heineken-isenbeck-7qr6b/,https://dcdn-us.mitiendanube.com/stores/005/975/004/products/untitled-design-5387d848c95ee6492b17659335145971-640-0.webp
313559166,Unidad cerveza Heineken,3413,3413.00,,True,,,https://mcdistribuidora.net.ar/productos/unidad-cerveza-heineken-ndo29/,https://dcdn-us.mitiendanube.com/stores/005/975/004/products/diseno-sin-titulo-e768d147b19f65b0d917659334603910-640-0.webp
313558967,Six pack cerveza Heineken,18581,18581.00,,True,,,https://mcdistribuidora.net.ar/productos/six-pack-cerveza-heineken-pwm0q/,https://dcdn-us.mitiendanube.com/stores/005/975/004/products/diseno-sin-titulo-ee59e58d9c6c60a74c17659334333944-640-0.webp
313558164,Six pack cerveza Santa Fe rubia,11151,11151.00,,True,,,https://mcdistribuidora.net.ar/productos/six-pack-cerveza-santa-fe-rubia-pa7ww/,https://dcdn-us.mitiendanube.com/stores/005/975/004/products/diseno-sin-titulo-d23ad1eceb29d205c117659331607577-640-0.webp
313558063,Unidad cerveza Santa Fe rubia,1860,1860.00,,True,,,https://mcdistribuidora.net.ar/productos/unidad-cerveza-santa-fe-rubia-6yusg/,https://dcdn-us.mitiendanube.com/stores/005/975/004/products/untitled-design-8b6b1fe63ca0799f5217659331315449-640-0.webp
313557773,Unidad cerveza Imperial cream stout,2483,2483.00,,True,,,https://mcdistribuidora.net.ar/productos/unidad-cerveza-imperial-cream-stout-bfz8g/,https://dcdn-us.mitiendanube.com/stores/005/975/004/products/untitled-design-4d060a7c1b83536fa017659336906379-640-0.webp
313557665,Six pack cerveza Imperial cream stout,12908,12908.00,,True,,,https://mcdistribuidora.net.ar/productos/six-pack-cerveza-imperial-cream-stout-jtpwi/,https://dcdn-us.mitiendanube.com/stores/005/975/004/products/diseno-sin-titulo-0b8fba3ffa10e1b71917659329680261-640-0.webp
313445589,Leche VERONICA Individual,1786,1786.00,0,True,,,https://mcdistribuidora.net.ar/productos/leche-veronica-individual-h1up0/,https://dcdn-us.mitiendanube.com/stores/005/975/004/products/untitled-design-4abd133b116310008017659341091718-640-0.webp
310486478,Fernet Branca 750 cc,18070,18070.00,,True,,,https://mcdistribuidora.net.ar/productos/fernet-branca-750-cc-xqkap/,https://dcdn-us.mitiendanube.com/stores/005/975/004/products/untitled-design-79a4e4948fe8cad41517646053747983-640-0.webp
310486078,Coca cola 500cc,1572,1572.00,,True,,,https://mcdistribuidora.net.ar/productos/coca-cola-500cc-pvt6n/,https://dcdn-us.mitiendanube.com/stores/005/975/004/products/untitled-design-a2f35ccb9d013cfadf17646052658177-640-0.webp
310486023,Coca cola 15 lt,3618,3618.00,,True,,,https://mcdistribuidora.net.ar/productos/coca-cola-15-lt-b3wds/,https://dcdn-us.mitiendanube.com/stores/005/975/004/products/diseno-sin-titulo-62f0588e5a08ab097c17646052074382-640-0.webp
310482407,Queso Cremoso Punta Del Agua,6561,6561.00,0,True,,,https://mcdistribuidora.net.ar/productos/queso-cremoso-punta-del-agua-vjnx5/,https://dcdn-us.mitiendanube.com/stores/005/975/004/products/diseno-sin-titulo-32ec7a84eaacf3126a17646042132350-640-0.webp
310482266,Queso Cremon La Serenisima,10502,10502.00,,True,,,https://mcdistribuidora.net.ar/productos/queso-cremon-la-serenisima-efp6u/,https://dcdn-us.mitiendanube.com/stores/005/975/004/products/diseno-sin-titulo-771c0de75cb1c3b0c817646041575403-640-0.webp
310316191,Sidra 1888,8789,8789.00,,True,,,https://mcdistribuidora.net.ar/productos/sidra-1888-qctd9/,https://dcdn-us.mitiendanube.com/stores/005/975/004/products/diseno-sin-titulo-650b91341e59f0df9717646037141491-640-0.webp
310316004,Espumante DILEMA sweet rose,5631,5631.00,,True,,,https://mcdistribuidora.net.ar/productos/espumante-dilema-sweet-rose-oupd4/,https://dcdn-us.mitiendanube.com/stores/005/975/004/products/diseno-sin-titulo-084d702fc1f303aa5c17646036417113-640-0.webp
310315884,Espumante DILEMA blanco dulce,5534,5534.00,0,True,,,https://mcdistribuidora.net.ar/productos/espumante-dilema-blanco-dulce-2a5ac/,https://dcdn-us.mitiendanube.com/stores/005/975/004/products/diseno-sin-titulo-3a976861e6d07ee0ce17646035957247-640-0.webp
310315745,Vino MR FRANC PROFUGO,4650,4650.00,,True,,,https://mcdistribuidora.net.ar/productos/vino-mr-franc-profugo-adyfl/,https://dcdn-us.mitiendanube.com/stores/005/975/004/products/untitled-design-1ddf9a1138ea4aaba617645135469496-640-0.webp
310315614,Vino ALMA MORA malbec,4929,4929.00,,True,,,https://mcdistribuidora.net.ar/productos/vino-alma-mora-malbec-kzg19/,https://dcdn-us.mitiendanube.com/stores/005/975/004/products/untitled-design-afde849ad009a1d5c917645136413465-640-0.webp
310315456,Vino Elementos malbec,5580,5580.00,,True,,,https://mcdistribuidora.net.ar/productos/vino-elementos-malbec-pi4w9/,https://dcdn-us.mitiendanube.com/stores/005/975/004/products/untitled-design-1bf0821dfe441d262c17645135722197-640-0.webp
310315096,Vino OVEJA BLACK malbec,3413,3413.00,,True,,,https://mcdistribuidora.net.ar/productos/vino-oveja-black-malbec-t358l/,https://dcdn-us.mitiendanube.com/stores/005/975/004/products/untitled-design-8a08b5d5f52982083317645137600748-640-0.webp
310139468,Espumante x2 unidades,5115,5115.00,,True,,,https://mcdistribuidora.net.ar/productos/espumante-x2-unidades-6tjnu/,https://dcdn-us.mitiendanube.com/stores/005/975/004/products/diseno-sin-titulo-45633ec6cf501c446717646031891019-640-0.webp
309991475,Espumante extra brut Canciller 750 cc,3097,3097.00,,True,,,https://mcdistribuidora.net.ar/productos/espumante-extra-brut-canciller-750-cc-hk7n8/,https://dcdn-us.mitiendanube.com/stores/005/975/004/products/diseno-sin-titulo-ace766af41e73abea917646034095084-640-0.webp
309991391,Espumante dulce Canciller 750 cc,3097,3097.00,,True,,,https://mcdistribuidora.net.ar/productos/espumante-dulce-canciller-750-cc-381tz/,https://dcdn-us.mitiendanube.com/stores/005/975/004/products/diseno-sin-titulo-816687048de7e70d2117646034777865-640-0.webp
307731428,Mate cocido LA HOJA 25 saq,816,816.00,,True,,,https://mcdistribuidora.net.ar/productos/mate-cocido-la-hoja-25-saq-8wl98/,https://dcdn-us.mitiendanube.com/stores/005/975/004/products/img_4847-5e60fde86791ee1f3117633869818645-640-0.webp
307731265,Te HURLINGHAM 50 saq.,1135,1135.00,,True,,,https://mcdistribuidora.net.ar/productos/te-hurlingham-50-saq-yd3dw/,https://dcdn-us.mitiendanube.com/stores/005/975/004/products/img_4851-b896745c0e5039e6a817633869011202-640-0.webp
307731089,Te LA HOJA 25 saq,777,777.00,,True,,,https://mcdistribuidora.net.ar/productos/te-la-hoja-25-saq-fdmy2/,https://dcdn-us.mitiendanube.com/stores/005/975/004/products/diseno-sin-titulo-c6842a8713ff063ee317633868454161-640-0.webp
307730306,Te ROSAMONTE 25 saq,581,581.00,,True,,,https://mcdistribuidora.net.ar/productos/te-rosamonte-25-saq-nod7j/,https://dcdn-us.mitiendanube.com/stores/005/975/004/products/diseno-sin-titulo-91fa69183182c8f86717633865294918-640-0.webp
307730158,Mate cocido ROSAMONTE 25 saq,879,879.00,,True,,,https://mcdistribuidora.net.ar/productos/mate-cocido-rosamonte-25-saq-w19x5/,https://dcdn-us.mitiendanube.com/stores/005/975/004/products/diseno-sin-titulo-205649dd0510866f3f17633864501820-640-0.webp
307085913,Yerba mate ANDRESITO 500gr,2046,2046.00,,True,,,https://mcdistribuidora.net.ar/productos/yerba-mate-andresito-500gr-p5wat/,https://dcdn-us.mitiendanube.com/stores/005/975/004/products/img_4739-2c9715cdba0295c9e217630505227862-640-0.webp
307085853,Yerba mate CBSE HIERBAS SERRANAS 500gr,2218,2218.00,,True,,,https://mcdistribuidora.net.ar/productos/yerba-mate-cbse-hierbas-serranas-500gr-7alqe/,https://dcdn-us.mitiendanube.com/stores/005/975/004/products/img_4738-ab10f3d2baa63ce12517630504669196-640-0.webp
307085287,Yerba mate PLAYADITO 500gr,2530,2530.00,,True,,,https://mcdistribuidora.net.ar/productos/yerba-mate-playadito-500gr-wntzf/,https://dcdn-us.mitiendanube.com/stores/005/975/004/products/diseno-sin-titulo-b785e2d4445dc5aa4817630503131054-640-0.webp
307084629,Yerba mate LA HOJA 500gr,1516,1516.00,,True,,,https://mcdistribuidora.net.ar/productos/yerba-mate-la-hoja-500gr-vjaec/,https://dcdn-us.mitiendanube.com/stores/005/975/004/products/img_4735-a835e693dc3f9a8fe217630500749720-640-0.webp
307084410,Yerba mate ROSAMONTE SUAVE 500gr,2455,2455.00,,True,,,https://mcdistribuidora.net.ar/productos/yerba-mate-rosamonte-suave-500gr-f0l78/,https://dcdn-us.mitiendanube.com/stores/005/975/004/products/img_4734-95ae56c0f0fdd7a96617630500119129-640-0.webp
307083982,Yerba mate ROSAMONTE 500gr,2045,2045.00,,True,,,https://mcdistribuidora.net.ar/productos/yerba-mate-rosamonte-500gr-k3ddf/,https://dcdn-us.mitiendanube.com/stores/005/975/004/products/diseno-sin-titulo-19321f6d04125d027717630499348637-640-0.webp
307083055,Yerba mate TARAGUI 500gr,2116,2116.00,,True,,,https://mcdistribuidora.net.ar/productos/yerba-mate-taragui-500gr-7rce9/,https://dcdn-us.mitiendanube.com/stores/005/975/004/products/untitled-design-9ebdeac238cddb5d8a17747072668990-640-0.webp
306518019,Agua Valle Asuncion 15lt,651,651.00,,True,,,https://mcdistribuidora.net.ar/productos/agua-valle-asuncion-15lt-g60z3/,https://dcdn-us.mitiendanube.com/stores/005/975/004/products/fdaab8a4-a018-4b5f-b3c6-fc206016da7f-a72fe00f5ee93c9eb417628815648346-640-0.webp
306489408,Agua saborizada LEVITE Pomelo 15lt,1674,1674.00,,True,,,https://mcdistribuidora.net.ar/productos/agua-saborizada-levite-pomelo-15lt-xoa1e/,https://dcdn-us.mitiendanube.com/stores/005/975/004/products/diseno-sin-titulo-b2809bd41a3a1f8cb517628740153746-640-0.webp
306488694,Agua saborizada BAGGIO FRESH Pomelo 15lt,1116,1116.00,,True,,,https://mcdistribuidora.net.ar/productos/agua-saborizada-baggio-fresh-pomelo-15lt-d3isa/,https://dcdn-us.mitiendanube.com/stores/005/975/004/products/untitled-design-c73086021eb6bf28c217628738212456-640-0.webp
306488348,Agua saborizada BAGGIO FRESH Limoneto 15lt,1116,1116.00,,True,,,https://mcdistribuidora.net.ar/productos/agua-saborizada-baggio-fresh-limoneto-15lt-nsmb3/,https://dcdn-us.mitiendanube.com/stores/005/975/004/products/diseno-sin-titulo-6581e9de29fe74c6e217628736953150-640-0.webp
306487307,Agua Villavicencio 15lt,1070,1070.00,,True,,,https://mcdistribuidora.net.ar/productos/agua-villavicencio-15lt-mw620/,https://dcdn-us.mitiendanube.com/stores/005/975/004/products/diseno-sin-titulo-013e54399b71c6471f17628733733290-640-0.webp
306402053,Pan para panchos DON YEYO,1980,1980.00,,True,,,https://mcdistribuidora.net.ar/productos/pan-para-panchos-don-yeyo-q97bx/,https://dcdn-us.mitiendanube.com/stores/005/975/004/products/diseno-sin-titulo-15-c2f1ade212ef5cc08b17628190860708-640-0.webp
306401645,Pan para hamburguesas DON YEYO,1980,1980.00,,True,,,https://mcdistribuidora.net.ar/productos/pan-para-hamburguesas-don-yeyo-au9e3/,https://dcdn-us.mitiendanube.com/stores/005/975/004/products/diseno-sin-titulo-14-cd413c20a5c50fddce17628189289473-640-0.webp
306400772,Pan de mesa 570 grs DON YEYO,4400,4400.00,,True,,,https://mcdistribuidora.net.ar/productos/pan-de-mesa-570-grs-don-yeyo-rsct4/,https://dcdn-us.mitiendanube.com/stores/005/975/004/products/diseno-sin-titulo-13-210c43c2008be2e95217628187235855-640-0.webp
306400473,Pan de mesa 350 grs DON YEYO,2890,2890.00,,True,,,https://mcdistribuidora.net.ar/productos/pan-de-mesa-350-grs-don-yeyo-q0903/,https://dcdn-us.mitiendanube.com/stores/005/975/004/products/diseno-sin-titulo-12-6c2a15ae33091fedef17628184955042-640-0.webp
306399723,Pan lacteado 360 grs DON YEYO,2890,2890.00,,True,,,https://mcdistribuidora.net.ar/productos/pan-lacteado-360-grs-don-yeyo-0331w/,https://dcdn-us.mitiendanube.com/stores/005/975/004/products/diseno-sin-titulo-10-7d6d79d6d93a5abda817628182664996-640-0.webp
306399088,Pan lacteado 600 grs DON YEYO,4400,4400.00,,True,,,https://mcdistribuidora.net.ar/productos/pan-lacteado-600-grs-don-yeyo-pcdle/,https://dcdn-us.mitiendanube.com/stores/005/975/004/products/diseno-sin-titulo-9-ef798d505b773b72de17628180149887-640-0.webp
306398375,Pan lactal doble salvado 350 grs DON YEYO,2890,2890.00,,True,,,https://mcdistribuidora.net.ar/productos/pan-lactal-doble-salvado-350-grs-don-yeyo-1p0lq/,https://dcdn-us.mitiendanube.com/stores/005/975/004/products/diseno-sin-titulo-8-3a78cc65e421fd7f2417628177651621-640-0.webp
306397565,Pan lactal doble salvado 600 grs DON YEYO,4400,4400.00,,True,,,https://mcdistribuidora.net.ar/productos/pan-lactal-doble-salvado-600-grs-don-yeyo-lllbh/,https://dcdn-us.mitiendanube.com/stores/005/975/004/products/diseno-sin-titulo-7-a4a989ea3ea7a15d0a17628173347584-640-0.webp
306393193,Mayonesa MENOYO 3 Kg,7338,7338.00,,True,,,https://mcdistribuidora.net.ar/productos/mayonesa-menoyo-3-kg-tlbfe/,https://dcdn-us.mitiendanube.com/stores/005/975/004/products/diseno-sin-titulo-6-f3e18970f021e43b5f17628163903691-640-0.webp
306391928,Mayonesa BC 1 Kg,3776,3776.00,,True,,,https://mcdistribuidora.net.ar/productos/mayonesa-bc-1-kg-rtdvn/,https://dcdn-us.mitiendanube.com/stores/005/975/004/products/diseno-sin-titulo-4-614b06f2f992d6182717628160633339-640-0.webp
306391148,Mayonesa BC 500gr,2018,2018.00,,True,,,https://mcdistribuidora.net.ar/productos/mayonesa-bc-500gr-ycsqm/,https://dcdn-us.mitiendanube.com/stores/005/975/004/products/diseno-sin-titulo-3-627e9f013adb4e0c8f17628158082678-640-0.webp
306389299,Mayonesa BC 250gr,1088,1088.00,,True,,,https://mcdistribuidora.net.ar/productos/mayonesa-bc-250gr-by6g1/,https://dcdn-us.mitiendanube.com/stores/005/975/004/products/diseno-sin-titulo-2-0a3ee4ea567e52d77917628152670889-640-0.webp
306388401,Mayonesa NATURA 3 kg,13625,13625.00,,True,,,https://mcdistribuidora.net.ar/productos/mayonesa-natura-3-kg-s1w27/,https://dcdn-us.mitiendanube.com/stores/005/975/004/products/diseno-sin-titulo-1-0e22d7bdafecd78ede17628149318919-640-0.webp
306387031,Mayonesa NATURA 237gr,1488,1488.00,,True,,,https://mcdistribuidora.net.ar/productos/mayonesa-natura-237gr-bpoz9/,https://dcdn-us.mitiendanube.com/stores/005/975/004/products/diseno-sin-titulo-ea3d1f881d45c2071817628147423723-640-0.webp
305259789,Lentejas de color x kg,9626,9626.00,,True,,,https://mcdistribuidora.net.ar/productos/lentejas-de-color-x-kg-xp9fj/,https://dcdn-us.mitiendanube.com/stores/005/975/004/products/sin-titulo-1-4-0675262fe230a1d12017623605146733-640-0.webp
304993849,Queso Azul Roquefort LA QUESERA horma x kg,13936,13936.00,,True,,,https://mcdistribuidora.net.ar/productos/queso-azul-roquefort-la-quesera-horma-x-kg-u98jp/,https://dcdn-us.mitiendanube.com/stores/005/975/004/products/sin-titulo-1-1-3107cc3c8a1fab91ee17622576723103-640-0.webp
304993225,Paleta SADIA x kg,10695,10695.00,,True,,,https://mcdistribuidora.net.ar/productos/paleta-sadia-x-kg-vkjiy/,https://dcdn-us.mitiendanube.com/stores/005/975/004/products/sin-titulo-1-18ba57466da3b38fdb17622573876608-640-0.webp
296964468,Pack Harina 0000 Bruning 1kg x10U,9207,9207.00,,True,,,https://mcdistribuidora.net.ar/productos/pack-harina-0000-bruning-1kg-x20u-spupo/,https://dcdn-us.mitiendanube.com/stores/005/975/004/products/diseno-sin-titulo-b3c2087abb56e67aa517628675220485-640-0.webp
296961841,Pack Harina 000 Bruning 1kg x 10U,8184,8184.00,,True,,,https://mcdistribuidora.net.ar/productos/pack-harina-000-bruning-1kg-x-10u-178d2/,https://dcdn-us.mitiendanube.com/stores/005/975/004/products/copy_13800efc-c184-4ac0-a4cf-0ffa013de6ec-ad725c340b621ae5ff17628834904695-640-0.webp
296961508,Harina 0000 Bruning x 1kg,921,921.00,,True,,,https://mcdistribuidora.net.ar/productos/harina-0000-bruning-x-1kg-wygus/,https://dcdn-us.mitiendanube.com/stores/005/975/004/products/img_4618-7b4704cbaa4ac47ba017628830093557-640-0.webp
296959717,Harina Leudante chacabuco x1kg,1451,1451.00,,True,,,https://mcdistribuidora.net.ar/productos/harina-leudante-chacabuco-x1kg-68v7y/,https://dcdn-us.mitiendanube.com/stores/005/975/004/products/copy_0ac29f8b-0c21-4f7f-9096-8a9e845a415c-1b8a0cc4d72e7a71a217628840277890-640-0.webp
296959689,Harina 000 Bruning x1kg,818,818.00,,True,,,https://mcdistribuidora.net.ar/productos/harina-000-bruning-x1kg-tqlyq/,https://dcdn-us.mitiendanube.com/stores/005/975/004/products/copy_13800efc-c184-4ac0-a4cf-0ffa013de6ec-9833055c908ea2ac7817628834500829-640-0.webp
296959666,Harina para pizza Pureza x1kg,1572,1572.00,,True,,,https://mcdistribuidora.net.ar/productos/harina-para-pizza-pureza-x1kg-jpwhv/,https://dcdn-us.mitiendanube.com/stores/005/975/004/products/3230218_f-b49262026b1eb49f2b17591525466834-640-0.webp
296959605,Harina Leudante pureza x1kg,1414,1414.00,,True,,,https://mcdistribuidora.net.ar/productos/harina-leudante-pureza-x1kg-65mha/,https://dcdn-us.mitiendanube.com/stores/005/975/004/products/untitled-design-928f47562e0f2d91cf17628726086009-640-0.webp
296959530,Harina 000 cañuelas x1kg,,,,True,,,https://mcdistribuidora.net.ar/productos/harina-000-canuelas-x1kg-ptl89/,https://dcdn-us.mitiendanube.com/stores/005/975/004/products/diseno-sin-titulo-4048e4825e2f4bd35317628727222325-640-0.webp
296959468,Harina 000 Pureza x1kg,1200,1200.00,,True,,,https://mcdistribuidora.net.ar/productos/harina-000-pureza-x1kg-c817w/,https://dcdn-us.mitiendanube.com/stores/005/975/004/products/img_4664-98b65448733a645be917628836831715-640-0.webp
296959409,Harina 000 Chacabuco x1kg,911,911.00,,True,,,https://mcdistribuidora.net.ar/productos/harina-000-chacabuco-x1kg-zqyfi/,https://dcdn-us.mitiendanube.com/stores/005/975/004/products/diseno-sin-titulo-dc923932f51bbb40e117628825880521-640-0.webp
296959368,Harina 0000 pureza x1kg,1139,1139.00,,True,,,https://mcdistribuidora.net.ar/productos/harina-0000-pureza-x1kg-mvziv/,https://dcdn-us.mitiendanube.com/stores/005/975/004/products/s_q_np_2x_641386-mla92812096155_092025-v-4986d0ad7b79fd84d517591539181258-640-0.webp
296959322,Harina 0000 Chacabuco x1kg,1190,1190.00,,True,,,https://mcdistribuidora.net.ar/productos/harina-0000-chacabuco-x1kg-53xsr/,https://dcdn-us.mitiendanube.com/stores/005/975/004/products/diseno-sin-titulo-73c8ab62abb012ebf417628826149683-640-0.webp
296958742,Hamburguesas Paty x2U,2279,2279.00,,True,,,https://mcdistribuidora.net.ar/productos/hamburguesas-paty-x2u-cf19q/,https://dcdn-us.mitiendanube.com/stores/005/975/004/products/74353998-1166bcca40c3986ce416639277704719-640-0-ed161eb2dc039a4f8c17591505008872-640-0.webp
296956834,Fideos Sol Pampeano Codito 500gr pack x15U,12230,12230.00,,True,,,https://mcdistribuidora.net.ar/productos/fideos-sol-pampeano-codito-500gr-pack-x20u-fef9b/,https://dcdn-us.mitiendanube.com/stores/005/975/004/products/d_q_np_617242-mla85803934313_062025-o-a3b53e773fcca38e9e17591500873067-640-0.webp
294877459,Fideos Sol Pampeano Tallarin 500gr - pack x 20u.,15810,15810.00,,True,,,https://mcdistribuidora.net.ar/productos/fideos-sol-pampeano-tallarin-500gr-pack-x-20u-bb2yx/,https://dcdn-us.mitiendanube.com/stores/005/975/004/products/d_nq_np_962480-mla82989584546_032025-o-03089c17eb08f1026d17591501184678-640-0.webp
293409420,Fideos Sol Pampeano Tallarin 500gr,818,818.00,,True,,,https://mcdistribuidora.net.ar/productos/fideos-sol-pampeano-tallarin-500gr-yc2q4/,https://dcdn-us.mitiendanube.com/stores/005/975/004/products/1000130742-6bd3efd152ffe91f7417576097279195-640-0.webp
293405798,Fideos Sol Pampeano Codito 500gr,818,818.00,,True,,,https://mcdistribuidora.net.ar/productos/fideos-sol-pampeano-codito-500gr-84zk7/,https://dcdn-us.mitiendanube.com/stores/005/975/004/products/1000130731-0e335afbef4bf0044217576090484867-640-0.webp
293400490,Bizcochitos sabor queso Alem x 170g,1911,1911.00,,True,,,https://mcdistribuidora.net.ar/productos/bizcochitos-sabor-queso-alem-x-170g-pt4d4/,https://dcdn-us.mitiendanube.com/stores/005/975/004/products/1000130722-55ece92d457963b06c17576081954081-640-0.webp
293398505,Copos de Maíz 3 Arroyos Azucarados 200gr,911,911.00,,True,,,https://mcdistribuidora.net.ar/productos/copos-de-maiz-3-arroyos-azucarados-200gr-4hjyv/,https://dcdn-us.mitiendanube.com/stores/005/975/004/products/1000130721-1904e57d319299b46b17576078206240-640-0.webp
293397822,Copos de Maíz 3 Arroyos (Sin azucar) 150gr,702,702.00,,True,,,https://mcdistribuidora.net.ar/productos/copos-de-maiz-3-arroyos-150gr-ncetl/,https://dcdn-us.mitiendanube.com/stores/005/975/004/products/1000130719-691c1db8c764a21af917576101972677-640-0.webp
293391867,Agua Saborizada Levite pera 1.5lt,1655,1655.00,,True,,,https://mcdistribuidora.net.ar/productos/agua-saborizada-levite-pera-1-5lt-74f3k/,https://dcdn-us.mitiendanube.com/stores/005/975/004/products/diseno-sin-titulo-27e32a49bc65ea2a6a17628744979104-640-0.webp
293390055,Hamburguesas Paladini x 2 160g,2483,2483.00,,True,,,https://mcdistribuidora.net.ar/productos/hamburguesas-paladini-x-2-160g-62cef/,https://dcdn-us.mitiendanube.com/stores/005/975/004/products/1000130655-a3c40fa4384239b22717576057354558-640-0.webp
293388146,Lavandina Dea 1lt,1083,1083.00,,True,,,https://mcdistribuidora.net.ar/productos/lavandina-dea-1lt-zi0u8/,https://dcdn-us.mitiendanube.com/stores/005/975/004/products/1000130654-43eb5b3d30c62f4ef517576054295268-640-0.webp
293385898,Manteca SYS x 200grs,2167,2167.00,,True,,,https://mcdistribuidora.net.ar/productos/manteca-sys-x-200grs-roxlh/,https://dcdn-us.mitiendanube.com/stores/005/975/004/products/1000130646-8f97c01e66da8ab0cc17576050515645-640-0.webp
293384713,Lavandina Ayudín 1lt,1083,1083.00,,True,,,https://mcdistribuidora.net.ar/productos/lavandina-ayudin-1lt-yiryl/,https://dcdn-us.mitiendanube.com/stores/005/975/004/products/1000130651-f3968280a4f78650ef17576049313201-640-0.webp
293383275,Manteca Santa Clara x 200grs,2688,2688.00,,True,,,https://mcdistribuidora.net.ar/productos/manteca-santa-clara-x-200grs-zc8cq/,https://dcdn-us.mitiendanube.com/stores/005/975/004/products/1000130644-6188ea1062c212df9a17576049006459-640-0.webp
293383010,Manteca SYS x 100grs,1139,1139.00,,True,,,https://mcdistribuidora.net.ar/productos/manteca-sys-x-100grs-acq2t/,https://dcdn-us.mitiendanube.com/stores/005/975/004/products/1000130652-e3b39bfed9a1d3705017576051325328-640-0.webp
293025787,Azucar Valeria x 1kg,,,0,True,,,https://mcdistribuidora.net.ar/productos/azucar-valeria-x-1kg-r2bot/,https://dcdn-us.mitiendanube.com/stores/005/975/004/products/1000129050-aaaa737b4822e3e23f17574656754128-640-0.webp
293024826,Azucar Andina x 1kg,,,0,True,,,https://mcdistribuidora.net.ar/productos/azucar-andina-x-1kg-hp1te/,https://dcdn-us.mitiendanube.com/stores/005/975/004/products/1000129044-7dfde503efc8c5709117574653872659-640-0.webp
293017893,Leche Descremada en polvo Santa Clara 800g,6608,6608.00,,True,,,https://mcdistribuidora.net.ar/productos/leche-descremada-en-polvo-santa-clara-800g-xhg7c/,https://dcdn-us.mitiendanube.com/stores/005/975/004/products/1000129043-5423b61bcf219b432b17574632551081-640-0.webp
293017721,Leche Entera en polvo Santa Clara 800g,6143,6143.00,,True,,,https://mcdistribuidora.net.ar/productos/leche-entera-en-polvo-santa-clara-800g-zvfb7/,https://dcdn-us.mitiendanube.com/stores/005/975/004/products/1000129041-5c245da569e82a7d9b17574631629343-640-0.webp
293011485,Aceite Natura x 1.5lt,5580,5580.00,,True,,,https://mcdistribuidora.net.ar/productos/aceite-natura-x-1-5lt-s6lgf/,https://dcdn-us.mitiendanube.com/stores/005/975/004/products/1000129018-4329f820dd944c244417574611291875-640-0.webp
293011147,Aceite Natura x 900cc,3515,3515.00,,True,,,https://mcdistribuidora.net.ar/productos/aceite-natura-x-900cc-nbbmw/,https://dcdn-us.mitiendanube.com/stores/005/975/004/products/1000129015-09103e7d22bbf7494917574610059318-640-0.webp
293011056,Aceite de girasol Zanoni x 900cc,2562,2562.00,,True,,,https://mcdistribuidora.net.ar/productos/aceite-de-girasol-zanoni-x-900cc-ts6wi/,https://dcdn-us.mitiendanube.com/stores/005/975/004/products/1000129012-52a5e0052906557bc017574609299075-640-0.webp
293010749,Vinagre de Alcohol Erika,1088,1088.00,,True,,,https://mcdistribuidora.net.ar/productos/vinagre-de-alcohol-erika-2b94s/,https://dcdn-us.mitiendanube.com/stores/005/975/004/products/1000129011-b111521ed14113aa4b17574608209988-640-0.webp
291416920,Galletitas Don Satur x 200g,1226,1226.00,,True,,,https://mcdistribuidora.net.ar/productos/galletitas-don-satur-x-200g/,https://dcdn-us.mitiendanube.com/stores/005/975/004/products/1000121222-476abfa07d141afd8c17568107131786-640-0.webp
291416663,Cacao en polvo x 1kg CGA,10839,10839.00,0,True,,,https://mcdistribuidora.net.ar/productos/cacao-en-polvo-x-1kg-cga/,https://dcdn-us.mitiendanube.com/stores/005/975/004/products/1000112123-d886cbc9a57f56775b17568104411555-640-0.webp
291416606,Almido de maiz x 1kg CGA,,,,True,,,https://mcdistribuidora.net.ar/productos/almido-de-maiz-x-1kg-cga/,https://dcdn-us.mitiendanube.com/stores/005/975/004/products/1000112124-a189def8de15430bf817568103400050-640-0.webp
291416490,Azucar impalpable x 1kg CGA,,,0,True,,,https://mcdistribuidora.net.ar/productos/azucar-impalpable-x-1kg-cga/,https://dcdn-us.mitiendanube.com/stores/005/975/004/products/1000112125-91401bffe2e34d600f17568100678479-640-0.webp
291416421,Azucar Negro fantasia x 1 kg CGA,,,0,True,,,https://mcdistribuidora.net.ar/productos/azucar-negro-fantasia-x-1-kg-cga/,https://dcdn-us.mitiendanube.com/stores/005/975/004/products/1000112122-ad88da95b0644f5fe717568099240284-640-0.webp
287034395,Queso Mozzarella Cilindro CREMAC x HORMA,7600,7600.00,,True,,,https://mcdistribuidora.net.ar/productos/queso-mozzarella-cilindro-cremac-x-horma/,https://dcdn-us.mitiendanube.com/stores/005/975/004/products/mozzarella-cremac-b3be9867c7677dc2ae17550090300325-640-0.webp
287034152,Queso Cremoso CREMAC x HORMA,8358,8358.00,,True,,,https://mcdistribuidora.net.ar/productos/queso-cremoso-cremac-x-horma/,https://dcdn-us.mitiendanube.com/stores/005/975/004/products/1000427422-a106e263fac1f590f417490760544320-640-0-e64ebb8aa7d489656217550089843689-640-0.webp
287033730,Queso Barra CREMAC x HORMA,9402,9402.00,,True,,,https://mcdistribuidora.net.ar/productos/queso-barra-cremac-x-horma/,https://dcdn-us.mitiendanube.com/stores/005/975/004/products/1000427423-d3b2fffb8e367e969417490762088683-640-0-00d94eec0140b1de1717550088875526-640-0.webp
287033141,Queso Sardo CREMAC x HORMA,15461,15461.00,,True,,,https://mcdistribuidora.net.ar/productos/queso-sardo-cremac-x-horma/,https://dcdn-us.mitiendanube.com/stores/005/975/004/products/1000427446-d8e0dcbed2630ff7bf17490765920623-640-0-591d489eed190aa02617550087100956-640-0.webp
285435176,Dulce de batata Serra x 5kg,9188,9188.00,,True,,,https://mcdistribuidora.net.ar/productos/dulce-de-batata-serra-x-5kg/,https://dcdn-us.mitiendanube.com/stores/005/975/004/products/1000096278-f785305773c3a4ca9c17542601479002-640-0.webp
285434993,Dulce de membrillo Serra x 5kg,11660,11660.00,,True,,,https://mcdistribuidora.net.ar/productos/dulce-de-membrillo-serra-x-5kg/,https://dcdn-us.mitiendanube.com/stores/005/975/004/products/1000096279-e004df264458318bed17542599894667-640-0.webp
285427831,Torta de chocolate Exquisita 450g,3088,3088.00,,True,,,https://mcdistribuidora.net.ar/productos/torta-de-chocolate-exquisita-450g/,https://dcdn-us.mitiendanube.com/stores/005/975/004/products/sin-titulo_20250803_180949-8c2b51ffc5e36cf60117542554027382-640-0.webp
285414327,Galletitas Surtido Diversión,2013,2013.00,,True,,,https://mcdistribuidora.net.ar/productos/galletitas-surtido-diversion/,https://dcdn-us.mitiendanube.com/stores/005/975/004/products/sin-titulo_20250803_151232-a0ccb3e2108865b83c17542447778281-640-0.webp
285414174,Galletitas Surtido Bagley,2837,2837.00,,True,,,https://mcdistribuidora.net.ar/productos/galletitas-surtido-bagley/,https://dcdn-us.mitiendanube.com/stores/005/975/004/products/1000096167-7b4d18f082f8df875f17542446855667-640-0.webp
285135796,Dulce de leche CREMAC CLASICO 1KG,4558,4558.00,,True,,,https://mcdistribuidora.net.ar/productos/dulce-de-leche-cremac-clasico-1kg/,https://dcdn-us.mitiendanube.com/stores/005/975/004/products/1000094415-945dc5236b22f3561017540554702665-640-0.webp
285135736,Dulce de leche CREMAC CLASICO 400g,1908,1908.00,,True,,,https://mcdistribuidora.net.ar/productos/dulce-de-leche-cremac-clasico-400g/,https://dcdn-us.mitiendanube.com/stores/005/975/004/products/1000094414-ad3366c3c0c480969b17540554597485-640-0.webp
285135522,Dulce de leche CREMAC REPOSTERO 1KG,4558,4558.00,,True,,,https://mcdistribuidora.net.ar/productos/dulce-de-leche-cremac-repostero-1kg/,https://dcdn-us.mitiendanube.com/stores/005/975/004/products/1000094407-1f46ff463095c1aa8d17540550633525-640-0.webp
285135480,Dulce de leche CREMAC REPOSTERO 400g,1908,1908.00,,True,,,https://mcdistribuidora.net.ar/productos/dulce-de-leche-cremac-repostero-400g/,https://dcdn-us.mitiendanube.com/stores/005/975/004/products/1000094405-e4ff3bd342c014628717540550764795-640-0.webp
285135098,Dulce de leche SANTA CLARA 400g,2055,2055.00,0,True,,,https://mcdistribuidora.net.ar/productos/dulce-de-leche-santa-clara-400g/,https://dcdn-us.mitiendanube.com/stores/005/975/004/products/sin-titulo_20250801_103302-9eaaa95c842509785d17540551955369-640-0.webp
285134913,Dulce de leche SAN IGNACIO frasco 450g,3088,3088.00,0,True,,,https://mcdistribuidora.net.ar/productos/dulce-de-leche-san-ignacio-frasco-450g/,https://dcdn-us.mitiendanube.com/stores/005/975/004/products/1000094411-9886a39c567f612e4717540553269441-640-0.webp
285131604,Queso Mozzarella Cilindro LA VASCONIA x kg,6092,6092.00,0,True,,,https://mcdistribuidora.net.ar/productos/queso-mozzarella-cilindro-la-vasconia-x-kg/,https://dcdn-us.mitiendanube.com/stores/005/975/004/products/sin-titulo_20250801_101113-9e9d9e2ddafc15e1ea17540539088389-640-0.webp
285131352,Queso Mozzarella Barra CREMAC x kg,11030,11030.00,,True,,,https://mcdistribuidora.net.ar/productos/queso-mozzarella-barra-cremac-x-kg/,https://dcdn-us.mitiendanube.com/stores/005/975/004/products/sin-titulo_20250801_101248-392bc1d322409c67eb17540539920437-640-0.webp
285131155,Queso Mozzarella Cilindro chica CREMAC x kg,6110,6110.00,,True,,,https://mcdistribuidora.net.ar/productos/queso-mozzarella-cilindro-chica-cremac-x-kg/,https://dcdn-us.mitiendanube.com/stores/005/975/004/products/diseno-sin-titulo-8e29e7b805d7e1b65817747061985511-640-0.webp
283647537,Medallones espinaca y queso Calisa x 1kg,8463,8463.00,,True,,,https://mcdistribuidora.net.ar/productos/medallones-espinaca-y-queso-calisa-x-1kg/,https://dcdn-us.mitiendanube.com/stores/005/975/004/products/1000092154-baed74f555f024459f17538399516448-640-0.webp
283647226,Medallones jamón y queso Calisa x 1kg,8463,8463.00,,True,,,https://mcdistribuidora.net.ar/productos/medallones-jamon-y-queso-calisa-x-1kg/,https://dcdn-us.mitiendanube.com/stores/005/975/004/products/sin-titulo_20250729_224446-84bcbb3ce4109206e617538399353906-640-0.webp
283645719,Milanesa de pollo Calisa x 1kg,8258,8258.00,,True,,,https://mcdistribuidora.net.ar/productos/milanesa-de-pollo-calisa-x-1kg/,https://dcdn-us.mitiendanube.com/stores/005/975/004/products/sin-titulo_20250729_224127-70cd1c6cd9599e586117538397045565-640-0.webp
283644287,Rollo de cocina individual x 3 bolson x 8 Nitidess,13113,13113.00,,True,,,https://mcdistribuidora.net.ar/productos/rollo-de-cocina-individual-x-3-bolson-x-8-nitidess/,https://dcdn-us.mitiendanube.com/stores/005/975/004/products/sin-titulo_20250730_122518-0a863842a72e8eb9ef17538892462297-640-0.webp
283643979,Rollo de cocina individual x 3 Nitidess,1806,1806.00,,True,,,https://mcdistribuidora.net.ar/productos/rollo-de-cocina-individual-x-3-nitidess/,https://dcdn-us.mitiendanube.com/stores/005/975/004/products/sin-titulo_20250729_225549-8637cd6fe288c0961417538405704649-640-0.webp
283633392,Rollo de cocina doble hoja bolson x 12 Elegante,,,,True,,,https://mcdistribuidora.net.ar/productos/rollo-de-cocina-doble-hoja-bolson-x-12-elegante/,https://dcdn-us.mitiendanube.com/stores/005/975/004/products/1000092570-fdfd5b6820afc0ca4a17538892868872-640-0.webp
283633251,Rollo de cocina doble hoja individual Elegante,1860,1860.00,,True,,,https://mcdistribuidora.net.ar/productos/rollo-de-cocina-doble-hoja-individual-elegante/,https://dcdn-us.mitiendanube.com/stores/005/975/004/products/1000092125-766bab03407ccc8c3617538392088605-640-0.webp
283632073,Rollo de cocina bolson x 8 Elegante,11021,11021.00,,True,,,https://mcdistribuidora.net.ar/productos/rollo-de-cocina-bolson-x-8-elegante/,https://dcdn-us.mitiendanube.com/stores/005/975/004/products/1000092573-df20a6d91a5591a0af17538893874195-640-0.webp
283631993,Rollo de cocina individual Elegante,1507,1507.00,,True,,,https://mcdistribuidora.net.ar/productos/rollo-de-cocina-individual-elegante/,https://dcdn-us.mitiendanube.com/stores/005/975/004/products/sin-titulo_20250729_223059-9c55f97106e620953617538390755270-640-0.webp
283631545,Papel higiénico bolson x 12 Elegante,15308,15308.00,,True,,,https://mcdistribuidora.net.ar/productos/papel-higienico-bolson-x-12-elegante/,https://dcdn-us.mitiendanube.com/stores/005/975/004/products/1000092122-e3ef8fca885cfa9a4617538389036755-640-0.webp
283631359,Papel higiénico individual Elegante,1395,1395.00,,True,,,https://mcdistribuidora.net.ar/productos/papel-higienico-individual-elegante/,https://dcdn-us.mitiendanube.com/stores/005/975/004/products/sin-titulo_20250729_222344-7a525679994667b09d17538386602894-640-0.webp
282371064,Barra aguila x 5kg,143685,143685.00,,True,,,https://mcdistribuidora.net.ar/productos/barra-aguila-x-5kg/,https://dcdn-us.mitiendanube.com/stores/005/975/004/products/1000085326-a6cf030e624452476117531516578025-640-0.webp
282370850,Chocolate Cadbury x kg,9393,9393.00,0,True,,,https://mcdistribuidora.net.ar/productos/chocolate-cadbury-x-kg/,https://dcdn-us.mitiendanube.com/stores/005/975/004/products/cadbury-frutilla1-900ce0e83701823a8a16227272233741-640-0-6cdf176bd5c832b9bb17538890959827-640-0.webp
273401440,Puré de Tomate HUERTA pack x 12 u.,12412,12412.00,,True,,,https://mcdistribuidora.net.ar/productos/pure-de-tomate-huerta-pack-x-12-u/,https://dcdn-us.mitiendanube.com/stores/005/975/004/products/1000063205-cffaee6e176e6cc73e17504632341974-640-0.webp
273401296,Tomate FINCA SANTIAGO Pouch x 2 kg,2558,2558.00,,True,,,https://mcdistribuidora.net.ar/productos/tomate-finca-santiago-pouch-x-2-kg/,https://dcdn-us.mitiendanube.com/stores/005/975/004/products/1000059336-a1c3557831458b4eee17500033039444-640-0.webp
273401166,Tomate DANMARCO lata x 8 kg,8789,8789.00,,True,,,https://mcdistribuidora.net.ar/productos/tomate-danmarco-lata-x-8-kg/,https://dcdn-us.mitiendanube.com/stores/005/975/004/products/1000060396-2cc8a55bfa473698fb17501660978436-640-0.webp
273400987,Leche VERONICA pack x 12 u.,21437,21437.00,0,True,,,https://mcdistribuidora.net.ar/productos/leche-veronica-pack-x-12-u/,https://dcdn-us.mitiendanube.com/stores/005/975/004/products/1000058075-39290d9d34f0ed8fce17498501841781-640-0.webp
273400833,Leche COTAR Sachet cajón x 18 u.,25882,25882.00,,True,,,https://mcdistribuidora.net.ar/productos/leche-cotar-sachet-cajon-x-18-u/,https://dcdn-us.mitiendanube.com/stores/005/975/004/products/1000058077-c490fb82fa9299673417498502959973-640-0.webp
273400637,Paleta FELA x kg,5989,5989.00,,True,,,https://mcdistribuidora.net.ar/productos/paleta-fela-x-kg/,https://dcdn-us.mitiendanube.com/stores/005/975/004/products/1000058079-50c59061495a69164e17498503802975-640-0.webp
273400565,Milán FELA x kg,13838,13838.00,,True,,,https://mcdistribuidora.net.ar/productos/milan-fela-x-kg/,https://dcdn-us.mitiendanube.com/stores/005/975/004/products/1000058081-d250c698176a97cd6f17498505641957-640-0.webp
273400409,Mortadela PALADINI x kg,9616,9616.00,,True,,,https://mcdistribuidora.net.ar/productos/mortadela-paladini-x-kg/,https://dcdn-us.mitiendanube.com/stores/005/975/004/products/1000058083-551277803cdfb9246b17498506881866-640-0.webp
273400313,Paleta PALADINI x kg,10686,10686.00,,True,,,https://mcdistribuidora.net.ar/productos/paleta-paladini-x-kg/,https://dcdn-us.mitiendanube.com/stores/005/975/004/products/1000058085-41f3a710de4d85e5fe17498507882301-640-0.webp
273400189,Jamón Cocido PALADINI x kg,12574,12574.00,,True,,,https://mcdistribuidora.net.ar/productos/jamon-cocido-paladini-x-kg/,https://dcdn-us.mitiendanube.com/stores/005/975/004/products/1000059343-c62d009966fb6f4bec17500038083055-640-0.webp
273399982,Paleta PACAMA x kg,4222,4222.00,,True,,,https://mcdistribuidora.net.ar/productos/paleta-pacama-x-kg/,https://dcdn-us.mitiendanube.com/stores/005/975/004/products/1000061119-126399cc1ca3bc3fff17502541473345-640-0.webp
273399907,Jamón Cocido PACAMA x kg,7142,7142.00,,True,,,https://mcdistribuidora.net.ar/productos/jamon-cocido-pacama-x-kg/,https://dcdn-us.mitiendanube.com/stores/005/975/004/products/1000059341-3186deb81f00ab613717500044793375-640-0.webp
273399377,Aceite PRADERA x 5lt,15708,15708.00,,True,,,https://mcdistribuidora.net.ar/productos/aceite-pradera-x-5lt/,https://dcdn-us.mitiendanube.com/stores/005/975/004/products/1000129016-ba80ab643436b990a817574610861237-640-0.webp
273396388,Queso Cheddar Pouch CREMAC x kg,24478,24478.00,,True,,,https://mcdistribuidora.net.ar/productos/queso-cheddar-pouch-cremac-x-kg/,https://dcdn-us.mitiendanube.com/stores/005/975/004/products/1000427454-f1f4aece4f30d299cc17490769267043-640-0.webp
273392990,Queso Holanda CREMAC x kg,13569,13569.00,,True,,,https://mcdistribuidora.net.ar/productos/queso-holanda-cremac-x-kg/,https://dcdn-us.mitiendanube.com/stores/005/975/004/products/1000427453-80c06777a7bf0158ab17490768924808-640-0.webp
273392794,Queso Reggiano CREMAC x kg,17079,17079.00,,True,,,https://mcdistribuidora.net.ar/productos/queso-reggiano-cremac-x-kg/,https://dcdn-us.mitiendanube.com/stores/005/975/004/products/1000427452-e973e0a79f65ea06fc17490768466829-640-0.webp
273392399,Queso Romano CREMAC x kg,16870,16870.00,,True,,,https://mcdistribuidora.net.ar/productos/queso-romano-cremac-x-kg/,https://dcdn-us.mitiendanube.com/stores/005/975/004/products/1000427462-e5b4f50bd026760fb517490775167187-640-0.webp
273392011,Queso Sardo CREMAC FRACCIONADO,16870,16870.00,,True,,,https://mcdistribuidora.net.ar/productos/queso-sardo-cremac-fraccionado/,https://dcdn-us.mitiendanube.com/stores/005/975/004/products/1000427446-d8e0dcbed2630ff7bf17490765920623-640-0.webp
273390804,Queso Por Salut CREMAC x kg,9368,9368.00,,True,,,https://mcdistribuidora.net.ar/productos/queso-por-salut-cremac-x-kg/,https://dcdn-us.mitiendanube.com/stores/005/975/004/products/1000427437-e1e757bd647d2603f517490764481376-640-0.webp
273390474,Queso Mozzarella Cilindro CREMAC FRACCIONADO,8640,8640.00,,True,,,https://mcdistribuidora.net.ar/productos/queso-mozzarella-cilindro-cremac-fraccionado/,https://dcdn-us.mitiendanube.com/stores/005/975/004/products/diseno-sin-titulo-4db32a483e0c54d0e517747061094235-640-0.webp
273389722,Queso Barra CREMAC FRACCIONADO,10253,10253.00,,True,,,https://mcdistribuidora.net.ar/productos/queso-barra-cremac-fraccionado/,https://dcdn-us.mitiendanube.com/stores/005/975/004/products/1000427423-d3b2fffb8e367e969417490762088683-640-0.webp
273387875,Queso Cremoso CREMAC FRACCIONADO,8954,8954.00,,True,,,https://mcdistribuidora.net.ar/productos/queso-cremoso-cremac-fraccionado/,https://dcdn-us.mitiendanube.com/stores/005/975/004/products/1000427422-a106e263fac1f590f417490760544320-640-0.webp
264840182,Mini Rocklets x 9kg,194100,194100.00,,True,,,https://mcdistribuidora.net.ar/productos/mini-rocklets-x-9kg/,https://dcdn-us.mitiendanube.com/stores/005/975/004/products/1000385144-74056a143a92583e3c17444824739239-640-0.webp
264840056,Rocklets x 10kg,219108,219108.00,,True,,,https://mcdistribuidora.net.ar/productos/rocklets-x-10kg/,https://dcdn-us.mitiendanube.com/stores/005/975/004/products/1000080230-a8f718cb92d9eed1c317526290450665-640-0.webp
264840025,Kinder x 12kg,159030,159030.00,,True,,,https://mcdistribuidora.net.ar/productos/kinder-x-12kg/,https://dcdn-us.mitiendanube.com/stores/005/975/004/products/1000080228-88a0b672a43b5923fc17526287863872-640-0.webp
264839948,Marroc x 14kg,203577,203577.00,,True,,,https://mcdistribuidora.net.ar/productos/marroc-x-14kg/,https://dcdn-us.mitiendanube.com/stores/005/975/004/products/1000080226-54bd70b9fd46eafceb17526288306252-640-0.webp
264839834,Cerelose x 25kg,74900,74900.00,,True,,,https://mcdistribuidora.net.ar/productos/cerelose-x-25kg/,https://dcdn-us.mitiendanube.com/stores/005/975/004/products/sin-titulo-4-4-d66a80d185e296b71117526292559897-640-0.webp
264839678,Salsa de Frutilla x 840gr,3413,3413.00,,True,,,https://mcdistribuidora.net.ar/productos/salsa-de-frutilla-x-840gr/,https://dcdn-us.mitiendanube.com/stores/005/975/004/products/1000085314-bf0362d470c4648a3117531507638983-640-0.webp
264839624,Salsa de Dulce De Leche x 840gr,4604,4604.00,,True,,,https://mcdistribuidora.net.ar/productos/salsa-de-dulce-de-leche-x-840gr/,https://dcdn-us.mitiendanube.com/stores/005/975/004/products/1000085318-cbfc5dddc491074ea817531510540833-640-0.webp
264839537,Salsa de Chocolate x 840gr,5915,5915.00,,True,,,https://mcdistribuidora.net.ar/productos/salsa-de-chocolate-x-840gr/,https://dcdn-us.mitiendanube.com/stores/005/975/004/products/1000085319-3e8b2ce38df3b79a3c17531510829880-640-0.webp
264839446,Salsa de Caramelo x 840gr,3785,3785.00,,True,,,https://mcdistribuidora.net.ar/productos/salsa-de-caramelo-x-840gr/,https://dcdn-us.mitiendanube.com/stores/005/975/004/products/1000085320-b42cf6d43a72c7800417531511176596-640-0.webp
264839249,Pulpa de Frutilla Entera x 10kg,60450,60450.00,0,True,,,https://mcdistribuidora.net.ar/productos/pulpa-de-frutilla-entera-x-10kg/,https://dcdn-us.mitiendanube.com/stores/005/975/004/products/sin-titulo-16-dae7be4497d5c35c8e17531513413741-640-0.webp
264839016,Pulpa de Frutilla Tamizada x 10kg,22850,22850.00,0,True,,,https://mcdistribuidora.net.ar/productos/pulpa-de-frutilla-tamizada-x-10kg/,https://dcdn-us.mitiendanube.com/stores/005/975/004/products/1000061322-9d0b1501d507dd41ed17502645611519-640-0.webp
264838718,Frutilla Cubeteada para Sembrar x 10kg,64914,64914.00,,True,,,https://mcdistribuidora.net.ar/productos/frutilla-cubeteada-para-sembrar-x-10kg/,https://dcdn-us.mitiendanube.com/stores/005/975/004/products/sin-titulo-16-8d1409ad2e6ee7614817531513726840-640-0.webp
264838373,Frutilla Entera Para Sembrar x 10kg,60404,60404.00,,True,,,https://mcdistribuidora.net.ar/productos/frutilla-entera-para-sembrar-x-10kg/,https://dcdn-us.mitiendanube.com/stores/005/975/004/products/sin-titulo-16-76a42bca673faf493417531513999580-640-0.webp
264837836,Nueces Mariposas Ambarlight x kg,16740,16740.00,,True,,,https://mcdistribuidora.net.ar/productos/nueces-mariposas-ambarlight-x-kg/,https://dcdn-us.mitiendanube.com/stores/005/975/004/products/sin-titulo-4-8-3a5f604cacc96dff6a17526309047928-640-0.webp
264837555,Tapita Oreo x 4kg,26877,26877.00,,True,,,https://mcdistribuidora.net.ar/productos/tapita-oreo-x-4kg/,https://dcdn-us.mitiendanube.com/stores/005/975/004/products/1000080295-1f913977d05e8b5b1417526311203036-640-0.webp
264837367,"Simil Oreo "" DALE"" Rellena x 31kg",24831,24831.00,,True,,,https://mcdistribuidora.net.ar/productos/simil-oreo-dale-rellena-x-31kg-dq9p2/,https://dcdn-us.mitiendanube.com/stores/005/975/004/products/sin-titulo-4-13-81bcf5003296afe8f117526320626082-640-0.webp
264837168,Oreo Partida x 10kg,88350,88350.00,,True,,,https://mcdistribuidora.net.ar/productos/oreo-partida-x-10kg/,https://dcdn-us.mitiendanube.com/stores/005/975/004/products/1000080227-c6bd82aefef5f22b8c17526288887707-640-0.webp
264836890,Cucharita Europea x kg,9393,9393.00,,True,,,https://mcdistribuidora.net.ar/productos/cucharita-europea-x-kg/,https://dcdn-us.mitiendanube.com/stores/005/975/004/products/1000389848-29ca44ab1949e0cc1c17450751368840-640-0.webp
264836727,Cucharita Sundae x kg,9393,9393.00,,True,,,https://mcdistribuidora.net.ar/productos/cucharita-sundae-x-kg/,https://dcdn-us.mitiendanube.com/stores/005/975/004/products/1000389850-5a5a9f4819ef8efd4817450752075793-640-0.webp
264836524,Cucharita Concava x kg,9393,9393.00,,True,,,https://mcdistribuidora.net.ar/productos/cucharita-concava-x-kg/,https://dcdn-us.mitiendanube.com/stores/005/975/004/products/1000080242-717b93e9d6edde540317526301152781-640-0.webp
264836237,Cucharita Artesanal x kg,9393,9393.00,,True,,,https://mcdistribuidora.net.ar/productos/cucharita-artesanal-x-kg/,
264835959,Cucharita Italiana Negra x kg,9393,9393.00,,True,,,https://mcdistribuidora.net.ar/productos/cucharita-italiana-negra-x-kg/,https://dcdn-us.mitiendanube.com/stores/005/975/004/products/italiana-negra-882e14b109f2959e1617526758043047-640-0.webp
264835739,Cucharita Española Común x kg,9393,9393.00,,True,,,https://mcdistribuidora.net.ar/productos/cucharita-espanola-comun-x-kg/,https://dcdn-us.mitiendanube.com/stores/005/975/004/products/1000080234-f4b359cf62f108570217526294641401-640-0.webp
264811661,Vaso Térmico Enpolex 360 x 500U,43310,43310.00,0,True,,,https://mcdistribuidora.net.ar/productos/vaso-termico-enpolex-360-x-500u/,https://dcdn-us.mitiendanube.com/stores/005/975/004/products/1000389852-4c93dc66e3a5d63b4217450754212219-640-0.webp
264811533,Térmico Rectangular Enpolex 1/4kg x 100U,16880,16880.00,0,True,,,https://mcdistribuidora.net.ar/productos/termico-rectangular-enpolex-1-4kg-x-100u/,https://dcdn-us.mitiendanube.com/stores/005/975/004/products/1000061273-408079f15700a90eff17502628570995-640-0.webp
264811460,Térmico Rectangular Enpolex 1/2kg x 100U,26040,26040.00,0,True,,,https://mcdistribuidora.net.ar/productos/termico-rectangular-enpolex-1-2kg-x-100u/,https://dcdn-us.mitiendanube.com/stores/005/975/004/products/1000061272-2ef6225746059cae8c17502628415809-640-0.webp
264811393,Térmico Rectangular Enpolex 1kg x 100U,39990,39990.00,0,True,,,https://mcdistribuidora.net.ar/productos/termico-rectangular-enpolex-1kg-x-100u-artpb/,https://dcdn-us.mitiendanube.com/stores/005/975/004/products/1000403187-af52be67fe2f8209e817465844378540-640-0.webp
264811267,Térmico Enpolex 1/4kg x 100U,26750,26750.00,,True,,,https://mcdistribuidora.net.ar/productos/termico-enpolex-1-4kg-x-100u/,https://dcdn-us.mitiendanube.com/stores/005/975/004/products/1000403187-da1647b0015203f35417465844656732-640-0.webp
264811186,Térmico Enpolex 1/2kg x 100U,41730,41730.00,,True,,,https://mcdistribuidora.net.ar/productos/termico-enpolex-1-2kg-x-100u/,https://dcdn-us.mitiendanube.com/stores/005/975/004/products/1000403187-c2ed68b033a07b384b17465844081011-640-0.webp
264811124,Térmico Enpolex 1kg x 100U,60883,60883.00,,True,,,https://mcdistribuidora.net.ar/productos/termico-enpolex-1kg-x-100u/,https://dcdn-us.mitiendanube.com/stores/005/975/004/products/1000403187-db4989084d18f83b9c17465843837407-640-0.webp
264810924,Cono Doble Pasta Erevan caja x 135U,16126,16126.00,,True,,,https://mcdistribuidora.net.ar/productos/cono-doble-pasta-erevan-caja-x-135u/,https://dcdn-us.mitiendanube.com/stores/005/975/004/products/1000389854-3b061b686c4af1f4db17450755729406-640-0.webp
264810835,Mini Cucuruchón Erevan caja x 280U,33945,33945.00,,True,,,https://mcdistribuidora.net.ar/productos/mini-cucuruchon-erevan-caja-x-280u-yclo4/,https://dcdn-us.mitiendanube.com/stores/005/975/004/products/1000389856-5fa7bb787853477d1f17450756825611-640-0.webp
264810638,Vaso de Pasta 125 Erevan caja x 225U,16585,16585.00,,True,,,https://mcdistribuidora.net.ar/productos/vaso-de-pasta-125-erevan-caja-x-225u/,https://dcdn-us.mitiendanube.com/stores/005/975/004/products/1000403192-b252dd40423973e56817465853636010-640-0.webp
264810518,Vaso de Pasta 90 Erevan caja x 380U,18083,18083.00,,True,,,https://mcdistribuidora.net.ar/productos/vaso-de-pasta-90-erevan-caja-x-380u/,https://dcdn-us.mitiendanube.com/stores/005/975/004/products/1000403194-117d7b48ae8dc42fb317465857485741-640-0.webp
264810244,Dulce de Leche Repostero Serranito x 10kg,28700,28700.00,0,True,,,https://mcdistribuidora.net.ar/productos/dulce-de-leche-repostero-serranito-x-10kg/,https://dcdn-us.mitiendanube.com/stores/005/975/004/products/1000403216-ac740c1126fb8d0fbf17465871339117-640-0.webp
264810074,Dulce de Leche Repostero San Ignacio x 10kg,48314,48314.00,,False,,,https://mcdistribuidora.net.ar/productos/dulce-de-leche-repostero-san-ignacio-x-10kg/,https://dcdn-us.mitiendanube.com/stores/005/975/004/products/1000389793-882618240a61b8045a17450747504149-640-0.webp
264809955,Dulce de Leche Heladero Suave San Ignacio x 10kg,48000,48000.00,0,True,,,https://mcdistribuidora.net.ar/productos/dulce-de-leche-heladero-suave-san-ignacio-x-10kg/,https://dcdn-us.mitiendanube.com/stores/005/975/004/products/untitled-design-3ecefc72880206c54e17746238325233-640-0.webp
264809858,Dulce de Leche Para Sembrar San Ignacio x 10kg,47388,47388.00,,True,,,https://mcdistribuidora.net.ar/productos/dulce-de-leche-para-sembrar-san-ignacio-x-10kg/,https://dcdn-us.mitiendanube.com/stores/005/975/004/products/1000389792-4b94dee21464e7d78617450699453965-640-0.webp
264809746,Dulce de Leche Heladero Santa María x 10kg,39172,39172.00,,False,,,https://mcdistribuidora.net.ar/productos/dulce-de-leche-heladero-santa-maria-x-10kg/,https://dcdn-us.mitiendanube.com/stores/005/975/004/products/whatsapp-image-2025-06-05-at-13-27-25-8ccb8a81bba6aa21d617491414118096-640-0.webp
264809637,Dulce de Leche Heladero San Ignacio x 10kg,51940,51940.00,,True,,,https://mcdistribuidora.net.ar/productos/dulce-de-leche-heladero-san-ignacio-x-10kg/,https://dcdn-us.mitiendanube.com/stores/005/975/004/products/whatsapp-image-2026-01-12-at-14-49-36-60bf11ff3358f85ca217682402206814-640-0.webp
264809222,Leche en Polvo Lucerito entera x 25kg,165075,165075.00,,True,,,https://mcdistribuidora.net.ar/productos/leche-en-polvo-lucerito-entera-x-25kg/,https://dcdn-us.mitiendanube.com/stores/005/975/004/products/diseno-sin-titulo-e91785f07832258ee317746231635779-640-0.webp
264809010,Leche en Polvo Sancor entera x 25kg,219248,219248.00,,True,,,https://mcdistribuidora.net.ar/productos/leche-en-polvo-sancor-entera-x-25kg/,https://dcdn-us.mitiendanube.com/stores/005/975/004/products/sin-titulo-4-12-88f30efa474f3d1c9017526319196906-640-0.webp
264808937,Leche en Polvo Cremac entera x 25kg,204414,204414.00,,True,,,https://mcdistribuidora.net.ar/productos/leche-en-polvo-cremac-entera-x-25kg/,https://dcdn-us.mitiendanube.com/stores/005/975/004/products/1000403201-7ae6f9d81514cd7b3017465862358820-640-0.webp
264808848,Leche en Polvo Regina entera x 25kg,184791,184791.00,,True,,,https://mcdistribuidora.net.ar/productos/leche-en-polvo-regina-entera-x-25kg/,https://dcdn-us.mitiendanube.com/stores/005/975/004/products/1000403199-abe644a77faf58236717465861247642-640-0.webp
